feature,n
ggcc,4
tccc,4
tgat,4
tgca,4
aatt,3
acct,3
acgt,3
agac,3
atag,3
atca,3
attt,3
caaa,3
caat,3
cacg,3
ccaa,3
ccac,3
ccct,3
ccgc,3
ccgg,3
cctc,3
cctg,3
cgcc,3
cgcg,3
cgct,3
cgta,3
cgtg,3
cgtt,3
ctct,3
gaaa,3
gaca,3
gacc,3
gata,3
gatc,3
gcgg,3
ggat,3
ggca,3
ggct,3
gggc,3
gtcc,3
gtct,3
taaa,3
taga,3
tatt,3
tcag,3
tcct,3
tcgc,3
tcgg,3
tctt,3
tgag,3
tgcc,3
tgct,3
tggt,3
ttcg,3
ttct,3
ttga,3
tttc,3
tttt,3
aaaa,2
aaac,2
aaat,2
aaca,2
aacc,2
aacg,2
aact,2
aaga,2
aagc,2
aagg,2
aagt,2
aatc,2
aatg,2
acaa,2
acac,2
acag,2
acat,2
acca,2
accc,2
accg,2
acgc,2
acgg,2
actc,2
actg,2
actt,2
agaa,2
agag,2
agat,2
agca,2
agcc,2
agcg,2
agga,2
aggc,2
aggg,2
aggt,2
agtc,2
agtg,2
agtt,2
ataa,2
atac,2
atat,2
atcc,2
atct,2
atga,2
atgc,2
atgg,2
atgt,2
atta,2
attc,2
attg,2
caac,2
caag,2
caca,2
cacc,2
cact,2
cagc,2
cagg,2
cagt,2
cata,2
catc,2
catg,2
catt,2
ccag,2
ccat,2
ccca,2
cccc,2
cccg,2
ccga,2
ccgt,2
ccta,2
cctt,2
cgaa,2
cgac,2
cgag,2
cgat,2
cgca,2
cgga,2
cggc,2
cggg,2
cgtc,2
ctac,2
ctag,2
ctat,2
ctca,2
ctcc,2
ctcg,2
ctga,2
ctgg,2
ctgt,2
ctta,2
cttc,2
cttt,2
gaac,2
gaag,2
gaat,2
gacg,2
gact,2
gagc,2
gagg,2
gagt,2
gatg,2
gatt,2
gcaa,2
gcac,2
gcag,2
gcat,2
gcca,2
gccc,2
gccg,2
gcct,2
gcga,2
gctc,2
gctg,2
gctt,2
ggaa,2
ggac,2
ggag,2
ggcg,2
ggga,2
gggg,2
ggtc,2
ggtg,2
gtaa,2
gtag,2
gtcg,2
gtga,2
gtgc,2
gtgg,2
gtgt,2
gttc,2
gttg,2
gttt,2
rep_a,2
taac,2
taag,2
taat,2
taca,2
tacc,2
tacg,2
tagc,2
tagg,2
tagt,2
tata,2
tatc,2
tatg,2
tcaa,2
tcac,2
tcat,2
tcca,2
tccg,2
tcga,2
tcgt,2
tcta,2
tctc,2
tctg,2
temp30c,2
tgaa,2
tgac,2
tgcg,2
tgga,2
tggc,2
tggg,2
tgtg,2
tgtt,2
ttaa,2
ttag,2
ttat,2
ttca,2
ttcc,2
ttgc,2
ttgg,2
ttgt,2
ttta,2
tttg,2
aaag,1
aata,1
acga,1
acta,1
agct,1
agta,1
atcg,1
caga,1
cggt,1
ctaa,1
ctgc,1
cttg,1
gaga,1
gcgc,1
gcgt,1
gcta,1
gggt,1
ggta,1
ggtt,1
gtac,1
gtat,1
gtca,1
gtta,1
medium_rpmi,1
rep_b,1
tact,1
temp25c,1
tgta,1
tgtc,1
ttac,1
